USE W23G37
SET IDENTITY_INSERT [dbo].[Departamentet] ON;
INSERT INTO [dbo].[Departamentet] ([DepartamentiID], [EmriDepartamentit], [ShkurtesaDepartamentit], [DataKrijimit]) VALUES (8, 'Menaxhment, Biznes dhe Ekonomi', 'MBE', '2023-11-30T00:37:25.023Z');
INSERT INTO [dbo].[Departamentet] ([DepartamentiID], [EmriDepartamentit], [ShkurtesaDepartamentit], [DataKrijimit]) VALUES (10, 'Mekatronikë', 'MKT', '2023-11-30T00:37:25.023Z');
INSERT INTO [dbo].[Departamentet] ([DepartamentiID], [EmriDepartamentit], [ShkurtesaDepartamentit], [DataKrijimit]) VALUES (11, 'Sistemet e Informacionit', 'SI', '2023-11-30T00:37:25.023Z');
INSERT INTO [dbo].[Departamentet] ([DepartamentiID], [EmriDepartamentit], [ShkurtesaDepartamentit], [DataKrijimit]) VALUES (12, 'Juridik', 'JUR', '2023-11-30T00:37:25.023Z');
INSERT INTO [dbo].[Departamentet] ([DepartamentiID], [EmriDepartamentit], [ShkurtesaDepartamentit], [DataKrijimit]) VALUES (13, 'Arkitekturë', 'ARK', '2023-11-30T00:37:25.023Z');
INSERT INTO [dbo].[Departamentet] ([DepartamentiID], [EmriDepartamentit], [ShkurtesaDepartamentit], [DataKrijimit]) VALUES (14, 'Shkenca Politike', 'SHP', '2023-11-30T00:37:25.023Z');
INSERT INTO [dbo].[Departamentet] ([DepartamentiID], [EmriDepartamentit], [ShkurtesaDepartamentit], [DataKrijimit]) VALUES (15, 'Media dhe Komunikim', 'MK', '2023-11-30T00:37:25.023Z');
INSERT INTO [dbo].[Departamentet] ([DepartamentiID], [EmriDepartamentit], [ShkurtesaDepartamentit], [DataKrijimit]) VALUES (16, 'Inxhinieri Ndërtimore', 'IND', '2023-11-30T00:37:25.023Z');
INSERT INTO [dbo].[Departamentet] ([DepartamentiID], [EmriDepartamentit], [ShkurtesaDepartamentit], [DataKrijimit]) VALUES (17, 'Politika Publike dhe Menaxhimi', 'PPM', '2023-11-30T00:37:25.023Z');
INSERT INTO [dbo].[Departamentet] ([DepartamentiID], [EmriDepartamentit], [ShkurtesaDepartamentit], [DataKrijimit]) VALUES (18, 'Inxhinieri e Energjisë Efiçiente', 'IEE', '2023-11-30T00:37:25.023Z');
INSERT INTO [dbo].[Departamentet] ([DepartamentiID], [EmriDepartamentit], [ShkurtesaDepartamentit], [DataKrijimit]) VALUES (19, 'Infermieri', 'INF', '2023-11-30T00:37:25.023Z');
INSERT INTO [dbo].[Departamentet] ([DepartamentiID], [EmriDepartamentit], [ShkurtesaDepartamentit], [DataKrijimit]) VALUES (20, 'Shkencat e Ushqimit dhe Teknologji', 'SUT', '2023-11-30T00:37:25.023Z');
INSERT INTO [dbo].[Departamentet] ([DepartamentiID], [EmriDepartamentit], [ShkurtesaDepartamentit], [DataKrijimit]) VALUES (21, 'Dizajn i Integruar', 'DI', '2023-11-30T00:37:25.023Z');
INSERT INTO [dbo].[Departamentet] ([DepartamentiID], [EmriDepartamentit], [ShkurtesaDepartamentit], [DataKrijimit]) VALUES (22, 'UW - Marrëdhëniet Ndërkombëtare', 'UW-MN', '2023-11-30T00:37:25.023Z');
INSERT INTO [dbo].[Departamentet] ([DepartamentiID], [EmriDepartamentit], [ShkurtesaDepartamentit], [DataKrijimit]) VALUES (23, 'Stomatologji', 'STO', '2023-11-30T00:37:25.023Z');
INSERT INTO [dbo].[Departamentet] ([DepartamentiID], [EmriDepartamentit], [ShkurtesaDepartamentit], [DataKrijimit]) VALUES (24, 'Farmaci', 'FAR', '2023-11-30T00:37:25.023Z');
INSERT INTO [dbo].[Departamentet] ([DepartamentiID], [EmriDepartamentit], [ShkurtesaDepartamentit], [DataKrijimit]) VALUES (25, 'Inxhinieria e Agrokultures dhe Mjedisi', 'IAM', '2023-11-30T00:37:25.023Z');
INSERT INTO [dbo].[Departamentet] ([DepartamentiID], [EmriDepartamentit], [ShkurtesaDepartamentit], [DataKrijimit]) VALUES (26, 'Shkolla Profesionale', 'SP', '2023-11-30T00:37:25.023Z');
INSERT INTO [dbo].[Departamentet] ([DepartamentiID], [EmriDepartamentit], [ShkurtesaDepartamentit], [DataKrijimit]) VALUES (27, 'Teknik i Radiologjisë', 'TR', '2023-11-30T00:37:25.023Z');
INSERT INTO [dbo].[Departamentet] ([DepartamentiID], [EmriDepartamentit], [ShkurtesaDepartamentit], [DataKrijimit]) VALUES (28, 'Teknik i Anestezionit', 'TA', '2023-11-30T00:37:25.023Z');
INSERT INTO [dbo].[Departamentet] ([DepartamentiID], [EmriDepartamentit], [ShkurtesaDepartamentit], [DataKrijimit]) VALUES (29, 'Arti dhe Media Digjitale', 'AMD', '2023-11-30T00:37:25.023Z');
INSERT INTO [dbo].[Departamentet] ([DepartamentiID], [EmriDepartamentit], [ShkurtesaDepartamentit], [DataKrijimit]) VALUES (30, 'Muzikë Moderne, Produksion Digjital dhe Menaxhment', 'MMPM', '2023-11-30T00:37:25.023Z');
INSERT INTO [dbo].[Departamentet] ([DepartamentiID], [EmriDepartamentit], [ShkurtesaDepartamentit], [DataKrijimit]) VALUES (31, 'Gjuhë Angleze', 'GA', '2023-11-30T00:37:25.023Z');
INSERT INTO [dbo].[Departamentet] ([DepartamentiID], [EmriDepartamentit], [ShkurtesaDepartamentit], [DataKrijimit]) VALUES (32, 'Studime të Sigurisë', 'SS', '2023-11-30T00:37:25.023Z');
INSERT INTO [dbo].[Departamentet] ([DepartamentiID], [EmriDepartamentit], [ShkurtesaDepartamentit], [DataKrijimit]) VALUES (33, 'Psikologji', 'PSI', '2023-11-30T00:37:25.023Z');
INSERT INTO [dbo].[Departamentet] ([DepartamentiID], [EmriDepartamentit], [ShkurtesaDepartamentit], [DataKrijimit]) VALUES (34, 'Teknik Dentar', 'TD', '2023-11-30T00:37:25.023Z');
INSERT INTO [dbo].[Departamentet] ([DepartamentiID], [EmriDepartamentit], [ShkurtesaDepartamentit], [DataKrijimit]) VALUES (35, 'Shkenca të Sportit dhe të Levizjes', 'SSL', '2023-11-30T00:37:25.023Z');
INSERT INTO [dbo].[Departamentet] ([DepartamentiID], [EmriDepartamentit], [ShkurtesaDepartamentit], [DataKrijimit]) VALUES (36, 'Administrim Biznesi (Pejë)', 'ABP', '2023-11-30T00:37:25.023Z');
INSERT INTO [dbo].[Departamentet] ([DepartamentiID], [EmriDepartamentit], [ShkurtesaDepartamentit], [DataKrijimit]) VALUES (37, 'Planifikim Urban dhe Zhvillim i Qëndrueshëm', 'PUZQ', '2023-11-30T00:37:25.023Z');
INSERT INTO [dbo].[Departamentet] ([DepartamentiID], [EmriDepartamentit], [ShkurtesaDepartamentit], [DataKrijimit]) VALUES (38, 'Biokimi', 'BKM', '2023-11-30T00:37:25.023Z');
INSERT INTO [dbo].[Departamentet] ([DepartamentiID], [EmriDepartamentit], [ShkurtesaDepartamentit], [DataKrijimit]) VALUES (39, 'Aktrim', 'AKT', '2023-11-30T00:37:25.023Z');
SET IDENTITY_INSERT [dbo].[Departamentet] OFF;
SET IDENTITY_INSERT [dbo].[Lendet] ON;
INSERT INTO [dbo].[Lendet] ([LendaID], [KodiLendes], [EmriLendes], [ShkurtesaLendes], [KategoriaLendes], [KreditELendes], [SemestriLigjerimit], [DataKrijimit]) VALUES (1, '04LAB1001', 'Lende Laboratorike 1', 'LAB1', 'Obligative', 6, 4, NULL);
INSERT INTO [dbo].[Lendet] ([LendaID], [KodiLendes], [EmriLendes], [ShkurtesaLendes], [KategoriaLendes], [KreditELendes], [SemestriLigjerimit], [DataKrijimit]) VALUES (2, '01MATH1002', 'Matematike 1', 'MATH1', 'Obligative', 4, 1, '2023-11-27T17:10:51.140Z');
INSERT INTO [dbo].[Lendet] ([LendaID], [KodiLendes], [EmriLendes], [ShkurtesaLendes], [KategoriaLendes], [KreditELendes], [SemestriLigjerimit], [DataKrijimit]) VALUES (3, '02MATH2003', 'Matematike 2', 'MATH2', 'Obligative', 4, 2, '2023-11-27T17:11:01.856Z');
SET IDENTITY_INSERT [dbo].[Lendet] OFF;
SET IDENTITY_INSERT [dbo].[Lokacionet] ON;
INSERT INTO [dbo].[Lokacionet] ([LokacioniID], [EmriLokacionit], [ShkurtesaLokacionit], [AdresaLokacionit], [QytetiLokacionit], [DataKrijimit]) VALUES (1, 'UBT Prishtinë', 'K', 'Prishtinë', 'Prishtinë', '2022-02-27T00:00:00.000Z');
INSERT INTO [dbo].[Lokacionet] ([LokacioniID], [EmriLokacionit], [ShkurtesaLokacionit], [AdresaLokacionit], [QytetiLokacionit], [DataKrijimit]) VALUES (2, 'UBT Prizren', 'N', 'Prizren', 'Prizren', '2023-03-09T00:00:00.000Z');
INSERT INTO [dbo].[Lokacionet] ([LokacioniID], [EmriLokacionit], [ShkurtesaLokacionit], [AdresaLokacionit], [QytetiLokacionit], [DataKrijimit]) VALUES (3, 'UBT Lipjan', 'L', 'Lagjja Kalabria, Lipjan', 'Lipjan', '2022-10-20T00:00:00.000Z');
INSERT INTO [dbo].[Lokacionet] ([LokacioniID], [EmriLokacionit], [ShkurtesaLokacionit], [AdresaLokacionit], [QytetiLokacionit], [DataKrijimit]) VALUES (4, 'UBT Gjilan', 'G', 'Rruga e Ferizajit, M25-3', 'Gjilan', '2022-03-03T00:00:00.000Z');
INSERT INTO [dbo].[Lokacionet] ([LokacioniID], [EmriLokacionit], [ShkurtesaLokacionit], [AdresaLokacionit], [QytetiLokacionit], [DataKrijimit]) VALUES (5, 'UBT Ferizaj', 'F', 'Rruga Ahmet Kaçiku', 'Ferizaj', '2023-03-11T00:00:00.000Z');
INSERT INTO [dbo].[Lokacionet] ([LokacioniID], [EmriLokacionit], [ShkurtesaLokacionit], [AdresaLokacionit], [QytetiLokacionit], [DataKrijimit]) VALUES (6, 'UBT Pejë', 'P', 'Pejë', 'Pejë', '2023-12-18T00:00:00.000Z');
INSERT INTO [dbo].[Lokacionet] ([LokacioniID], [EmriLokacionit], [ShkurtesaLokacionit], [AdresaLokacionit], [QytetiLokacionit], [DataKrijimit]) VALUES (7, 'UBT Dukagjini', 'D', 'Dukagjini Residence, Lakrisht', 'Prishtinë', '2022-03-22T00:00:00.000Z');
SET IDENTITY_INSERT [dbo].[Lokacionet] OFF;
SET IDENTITY_INSERT [dbo].[NiveliStudimeve] ON;
INSERT INTO [dbo].[NiveliStudimeve] ([NiveliStudimeveID], [EmriNivelitStudimeve], [ShkurtesaEmritNivelitStudimeve], [DataKrijimit]) VALUES (2, 'Bachelor i Arteve', 'BA', '2023-11-29T23:25:59.932Z');
INSERT INTO [dbo].[NiveliStudimeve] ([NiveliStudimeveID], [EmriNivelitStudimeve], [ShkurtesaEmritNivelitStudimeve], [DataKrijimit]) VALUES (3, 'Bachelor i Arteve Figurative', 'BFA', '2023-11-29T23:32:48.570Z');
INSERT INTO [dbo].[NiveliStudimeve] ([NiveliStudimeveID], [EmriNivelitStudimeve], [ShkurtesaEmritNivelitStudimeve], [DataKrijimit]) VALUES (4, 'Bachelor i Administratës Biznesit', 'BBA', '2023-11-29T23:32:48.570Z');
INSERT INTO [dbo].[NiveliStudimeve] ([NiveliStudimeveID], [EmriNivelitStudimeve], [ShkurtesaEmritNivelitStudimeve], [DataKrijimit]) VALUES (5, 'Bachelor i Tregtisë', 'BCom', '2023-11-29T23:32:48.570Z');
INSERT INTO [dbo].[NiveliStudimeve] ([NiveliStudimeveID], [EmriNivelitStudimeve], [ShkurtesaEmritNivelitStudimeve], [DataKrijimit]) VALUES (6, 'Bachelor i Inxhinierisë', 'BEng', '2023-11-29T23:32:48.570Z');
INSERT INTO [dbo].[NiveliStudimeve] ([NiveliStudimeveID], [EmriNivelitStudimeve], [ShkurtesaEmritNivelitStudimeve], [DataKrijimit]) VALUES (7, 'Bachelor i Arsimit', 'BEd', '2023-11-29T23:32:48.570Z');
INSERT INTO [dbo].[NiveliStudimeve] ([NiveliStudimeveID], [EmriNivelitStudimeve], [ShkurtesaEmritNivelitStudimeve], [DataKrijimit]) VALUES (8, 'Bachelor i Infermierisë', 'BSN', '2023-11-29T23:32:48.570Z');
INSERT INTO [dbo].[NiveliStudimeve] ([NiveliStudimeveID], [EmriNivelitStudimeve], [ShkurtesaEmritNivelitStudimeve], [DataKrijimit]) VALUES (9, 'Bachelor i Arkitekturës', 'BArch', '2023-11-29T23:32:48.570Z');
INSERT INTO [dbo].[NiveliStudimeve] ([NiveliStudimeveID], [EmriNivelitStudimeve], [ShkurtesaEmritNivelitStudimeve], [DataKrijimit]) VALUES (10, 'Bachelor i Muzikës', 'BMus', '2023-11-29T23:32:48.570Z');
INSERT INTO [dbo].[NiveliStudimeve] ([NiveliStudimeveID], [EmriNivelitStudimeve], [ShkurtesaEmritNivelitStudimeve], [DataKrijimit]) VALUES (11, 'Bachelor i Punës Sociale', 'BSW', '2023-11-29T23:32:48.570Z');
INSERT INTO [dbo].[NiveliStudimeve] ([NiveliStudimeveID], [EmriNivelitStudimeve], [ShkurtesaEmritNivelitStudimeve], [DataKrijimit]) VALUES (12, 'Bachelor i Ligjit', 'LLB', '2023-11-29T23:32:48.570Z');
INSERT INTO [dbo].[NiveliStudimeve] ([NiveliStudimeveID], [EmriNivelitStudimeve], [ShkurtesaEmritNivelitStudimeve], [DataKrijimit]) VALUES (13, 'Bachelor i Shkencave në Infermieri', 'BSN', '2023-11-29T23:32:48.570Z');
INSERT INTO [dbo].[NiveliStudimeve] ([NiveliStudimeveID], [EmriNivelitStudimeve], [ShkurtesaEmritNivelitStudimeve], [DataKrijimit]) VALUES (14, 'Master i Arteve', 'MA', '2023-11-29T23:32:48.570Z');
INSERT INTO [dbo].[NiveliStudimeve] ([NiveliStudimeveID], [EmriNivelitStudimeve], [ShkurtesaEmritNivelitStudimeve], [DataKrijimit]) VALUES (15, 'Master i Shkencave', 'MS/MSc', '2023-11-29T23:32:48.570Z');
INSERT INTO [dbo].[NiveliStudimeve] ([NiveliStudimeveID], [EmriNivelitStudimeve], [ShkurtesaEmritNivelitStudimeve], [DataKrijimit]) VALUES (16, 'Master i Administratës së Biznesit', 'MBA', '2023-11-29T23:32:48.570Z');
INSERT INTO [dbo].[NiveliStudimeve] ([NiveliStudimeveID], [EmriNivelitStudimeve], [ShkurtesaEmritNivelitStudimeve], [DataKrijimit]) VALUES (17, 'Master i Arteve Figurative', 'MFA', '2023-11-29T23:32:48.570Z');
INSERT INTO [dbo].[NiveliStudimeve] ([NiveliStudimeveID], [EmriNivelitStudimeve], [ShkurtesaEmritNivelitStudimeve], [DataKrijimit]) VALUES (18, 'Master i Inxhinierisë', 'MEng', '2023-11-29T23:32:48.570Z');
INSERT INTO [dbo].[NiveliStudimeve] ([NiveliStudimeveID], [EmriNivelitStudimeve], [ShkurtesaEmritNivelitStudimeve], [DataKrijimit]) VALUES (19, 'Master i Arsimit', 'MEd', '2023-11-29T23:32:48.570Z');
INSERT INTO [dbo].[NiveliStudimeve] ([NiveliStudimeveID], [EmriNivelitStudimeve], [ShkurtesaEmritNivelitStudimeve], [DataKrijimit]) VALUES (20, 'Master i Shëndetësisë Publike', 'MPH', '2023-11-29T23:32:48.570Z');
INSERT INTO [dbo].[NiveliStudimeve] ([NiveliStudimeveID], [EmriNivelitStudimeve], [ShkurtesaEmritNivelitStudimeve], [DataKrijimit]) VALUES (21, 'Master i Shërbimeve dhe Informacionit në Bibliotekë', 'MLIS', '2023-11-29T23:32:48.570Z');
INSERT INTO [dbo].[NiveliStudimeve] ([NiveliStudimeveID], [EmriNivelitStudimeve], [ShkurtesaEmritNivelitStudimeve], [DataKrijimit]) VALUES (22, 'Master i Punës Sociale', 'MSW', '2023-11-29T23:32:48.570Z');
INSERT INTO [dbo].[NiveliStudimeve] ([NiveliStudimeveID], [EmriNivelitStudimeve], [ShkurtesaEmritNivelitStudimeve], [DataKrijimit]) VALUES (23, 'Master i Ligjit', 'LLM', '2023-11-29T23:32:48.570Z');
INSERT INTO [dbo].[NiveliStudimeve] ([NiveliStudimeveID], [EmriNivelitStudimeve], [ShkurtesaEmritNivelitStudimeve], [DataKrijimit]) VALUES (24, 'Master i Administratës Publike', 'MPA', '2023-11-29T23:32:48.570Z');
INSERT INTO [dbo].[NiveliStudimeve] ([NiveliStudimeveID], [EmriNivelitStudimeve], [ShkurtesaEmritNivelitStudimeve], [DataKrijimit]) VALUES (25, 'Master i Arkitekturës', 'MArch', '2023-11-29T23:32:48.570Z');
INSERT INTO [dbo].[NiveliStudimeve] ([NiveliStudimeveID], [EmriNivelitStudimeve], [ShkurtesaEmritNivelitStudimeve], [DataKrijimit]) VALUES (26, 'Doktor i Filozofisë', 'Ph.D.', '2023-11-29T23:32:48.570Z');
INSERT INTO [dbo].[NiveliStudimeve] ([NiveliStudimeveID], [EmriNivelitStudimeve], [ShkurtesaEmritNivelitStudimeve], [DataKrijimit]) VALUES (27, 'Doktor i Mjekësisë', 'MD', '2023-11-29T23:32:48.570Z');
INSERT INTO [dbo].[NiveliStudimeve] ([NiveliStudimeveID], [EmriNivelitStudimeve], [ShkurtesaEmritNivelitStudimeve], [DataKrijimit]) VALUES (28, 'Doktor i Arsimit', 'EdD', '2023-11-29T23:32:48.570Z');
INSERT INTO [dbo].[NiveliStudimeve] ([NiveliStudimeveID], [EmriNivelitStudimeve], [ShkurtesaEmritNivelitStudimeve], [DataKrijimit]) VALUES (29, 'Doktor i Inxhinierisë', 'EngD', '2023-11-29T23:32:48.570Z');
INSERT INTO [dbo].[NiveliStudimeve] ([NiveliStudimeveID], [EmriNivelitStudimeve], [ShkurtesaEmritNivelitStudimeve], [DataKrijimit]) VALUES (30, 'Doktor i Psikologjisë', 'PsyD', '2023-11-29T23:32:48.570Z');
INSERT INTO [dbo].[NiveliStudimeve] ([NiveliStudimeveID], [EmriNivelitStudimeve], [ShkurtesaEmritNivelitStudimeve], [DataKrijimit]) VALUES (31, 'Doktor i Administratës së Biznesit', 'DBA', '2023-11-29T23:32:48.570Z');
INSERT INTO [dbo].[NiveliStudimeve] ([NiveliStudimeveID], [EmriNivelitStudimeve], [ShkurtesaEmritNivelitStudimeve], [DataKrijimit]) VALUES (32, 'Doktor i Praktikës së Infermierisë', 'DNP', '2023-11-29T23:32:48.570Z');
INSERT INTO [dbo].[NiveliStudimeve] ([NiveliStudimeveID], [EmriNivelitStudimeve], [ShkurtesaEmritNivelitStudimeve], [DataKrijimit]) VALUES (33, 'Doktor i Jurisprudencës', 'JD', '2023-11-29T23:32:48.570Z');
INSERT INTO [dbo].[NiveliStudimeve] ([NiveliStudimeveID], [EmriNivelitStudimeve], [ShkurtesaEmritNivelitStudimeve], [DataKrijimit]) VALUES (34, 'Doktor i Mjekësisë Veterinare', 'DVM', '2023-11-29T23:32:48.570Z');
INSERT INTO [dbo].[NiveliStudimeve] ([NiveliStudimeveID], [EmriNivelitStudimeve], [ShkurtesaEmritNivelitStudimeve], [DataKrijimit]) VALUES (35, 'Doktor i Mjekësisë Osteopatike', 'DO', '2023-11-29T23:32:48.570Z');
SET IDENTITY_INSERT [dbo].[NiveliStudimeve] OFF;
SET IDENTITY_INSERT [dbo].[NiveliStudimitDepartamenti] ON;
INSERT INTO [dbo].[NiveliStudimitDepartamenti] ([NiveliStudimitDepartamentiID], [NiveliStudimitID], [DepartamentiID], [DataKrijimit]) VALUES (153, 1, 29, '2023-12-11T00:11:19.505Z');
INSERT INTO [dbo].[NiveliStudimitDepartamenti] ([NiveliStudimitDepartamentiID], [NiveliStudimitID], [DepartamentiID], [DataKrijimit]) VALUES (155, 1, 35, '2023-12-11T00:11:19.505Z');
INSERT INTO [dbo].[NiveliStudimitDepartamenti] ([NiveliStudimitDepartamentiID], [NiveliStudimitID], [DepartamentiID], [DataKrijimit]) VALUES (156, 3, 29, '2023-12-11T00:11:19.505Z');
INSERT INTO [dbo].[NiveliStudimitDepartamenti] ([NiveliStudimitDepartamentiID], [NiveliStudimitID], [DepartamentiID], [DataKrijimit]) VALUES (157, 4, 8, '2023-12-11T00:11:19.505Z');
INSERT INTO [dbo].[NiveliStudimitDepartamenti] ([NiveliStudimitDepartamentiID], [NiveliStudimitID], [DepartamentiID], [DataKrijimit]) VALUES (158, 5, 8, '2023-12-11T00:11:19.505Z');
INSERT INTO [dbo].[NiveliStudimitDepartamenti] ([NiveliStudimitDepartamentiID], [NiveliStudimitID], [DepartamentiID], [DataKrijimit]) VALUES (159, 6, 10, '2023-12-11T00:11:19.505Z');
INSERT INTO [dbo].[NiveliStudimitDepartamenti] ([NiveliStudimitDepartamentiID], [NiveliStudimitID], [DepartamentiID], [DataKrijimit]) VALUES (160, 6, 16, '2023-12-11T00:11:19.505Z');
INSERT INTO [dbo].[NiveliStudimitDepartamenti] ([NiveliStudimitDepartamentiID], [NiveliStudimitID], [DepartamentiID], [DataKrijimit]) VALUES (161, 7, 26, '2023-12-11T00:11:19.505Z');
INSERT INTO [dbo].[NiveliStudimitDepartamenti] ([NiveliStudimitDepartamentiID], [NiveliStudimitID], [DepartamentiID], [DataKrijimit]) VALUES (162, 8, 19, '2023-12-11T00:11:19.505Z');
INSERT INTO [dbo].[NiveliStudimitDepartamenti] ([NiveliStudimitDepartamentiID], [NiveliStudimitID], [DepartamentiID], [DataKrijimit]) VALUES (163, 9, 13, '2023-12-11T00:11:19.505Z');
INSERT INTO [dbo].[NiveliStudimitDepartamenti] ([NiveliStudimitDepartamentiID], [NiveliStudimitID], [DepartamentiID], [DataKrijimit]) VALUES (164, 10, 30, '2023-12-11T00:11:19.505Z');
INSERT INTO [dbo].[NiveliStudimitDepartamenti] ([NiveliStudimitDepartamentiID], [NiveliStudimitID], [DepartamentiID], [DataKrijimit]) VALUES (165, 11, 31, '2023-12-11T00:11:19.505Z');
INSERT INTO [dbo].[NiveliStudimitDepartamenti] ([NiveliStudimitDepartamentiID], [NiveliStudimitID], [DepartamentiID], [DataKrijimit]) VALUES (166, 12, 12, '2023-12-11T00:11:19.505Z');
INSERT INTO [dbo].[NiveliStudimitDepartamenti] ([NiveliStudimitDepartamentiID], [NiveliStudimitID], [DepartamentiID], [DataKrijimit]) VALUES (167, 13, 19, '2023-12-11T00:11:19.505Z');
INSERT INTO [dbo].[NiveliStudimitDepartamenti] ([NiveliStudimitDepartamentiID], [NiveliStudimitID], [DepartamentiID], [DataKrijimit]) VALUES (168, 14, 29, '2023-12-11T00:11:19.505Z');
INSERT INTO [dbo].[NiveliStudimitDepartamenti] ([NiveliStudimitDepartamentiID], [NiveliStudimitID], [DepartamentiID], [DataKrijimit]) VALUES (169, 15, 1, '2023-12-11T00:11:19.505Z');
INSERT INTO [dbo].[NiveliStudimitDepartamenti] ([NiveliStudimitDepartamentiID], [NiveliStudimitID], [DepartamentiID], [DataKrijimit]) VALUES (170, 15, 35, '2023-12-11T00:11:19.505Z');
INSERT INTO [dbo].[NiveliStudimitDepartamenti] ([NiveliStudimitDepartamentiID], [NiveliStudimitID], [DepartamentiID], [DataKrijimit]) VALUES (172, 17, 29, '2023-12-11T00:11:19.505Z');
INSERT INTO [dbo].[NiveliStudimitDepartamenti] ([NiveliStudimitDepartamentiID], [NiveliStudimitID], [DepartamentiID], [DataKrijimit]) VALUES (173, 18, 10, '2023-12-11T00:11:19.505Z');
INSERT INTO [dbo].[NiveliStudimitDepartamenti] ([NiveliStudimitDepartamentiID], [NiveliStudimitID], [DepartamentiID], [DataKrijimit]) VALUES (174, 18, 16, '2023-12-11T00:11:19.505Z');
INSERT INTO [dbo].[NiveliStudimitDepartamenti] ([NiveliStudimitDepartamentiID], [NiveliStudimitID], [DepartamentiID], [DataKrijimit]) VALUES (175, 19, 26, '2023-12-11T00:11:19.505Z');
INSERT INTO [dbo].[NiveliStudimitDepartamenti] ([NiveliStudimitDepartamentiID], [NiveliStudimitID], [DepartamentiID], [DataKrijimit]) VALUES (176, 20, 26, '2023-12-11T00:11:19.505Z');
INSERT INTO [dbo].[NiveliStudimitDepartamenti] ([NiveliStudimitDepartamentiID], [NiveliStudimitID], [DepartamentiID], [DataKrijimit]) VALUES (177, 21, 26, '2023-12-11T00:11:19.505Z');
INSERT INTO [dbo].[NiveliStudimitDepartamenti] ([NiveliStudimitDepartamentiID], [NiveliStudimitID], [DepartamentiID], [DataKrijimit]) VALUES (178, 22, 26, '2023-12-11T00:11:19.505Z');
INSERT INTO [dbo].[NiveliStudimitDepartamenti] ([NiveliStudimitDepartamentiID], [NiveliStudimitID], [DepartamentiID], [DataKrijimit]) VALUES (179, 23, 12, '2023-12-11T00:11:19.505Z');
INSERT INTO [dbo].[NiveliStudimitDepartamenti] ([NiveliStudimitDepartamentiID], [NiveliStudimitID], [DepartamentiID], [DataKrijimit]) VALUES (181, 25, 13, '2023-12-11T00:11:19.505Z');
INSERT INTO [dbo].[NiveliStudimitDepartamenti] ([NiveliStudimitDepartamentiID], [NiveliStudimitID], [DepartamentiID], [DataKrijimit]) VALUES (182, 26, 26, '2023-12-11T00:11:19.505Z');
INSERT INTO [dbo].[NiveliStudimitDepartamenti] ([NiveliStudimitDepartamentiID], [NiveliStudimitID], [DepartamentiID], [DataKrijimit]) VALUES (183, 27, 26, '2023-12-11T00:11:19.505Z');
INSERT INTO [dbo].[NiveliStudimitDepartamenti] ([NiveliStudimitDepartamentiID], [NiveliStudimitID], [DepartamentiID], [DataKrijimit]) VALUES (184, 28, 26, '2023-12-11T00:11:19.505Z');
INSERT INTO [dbo].[NiveliStudimitDepartamenti] ([NiveliStudimitDepartamentiID], [NiveliStudimitID], [DepartamentiID], [DataKrijimit]) VALUES (185, 29, 10, '2023-12-11T00:11:19.505Z');
INSERT INTO [dbo].[NiveliStudimitDepartamenti] ([NiveliStudimitDepartamentiID], [NiveliStudimitID], [DepartamentiID], [DataKrijimit]) VALUES (186, 29, 16, '2023-12-11T00:11:19.505Z');
INSERT INTO [dbo].[NiveliStudimitDepartamenti] ([NiveliStudimitDepartamentiID], [NiveliStudimitID], [DepartamentiID], [DataKrijimit]) VALUES (187, 30, 26, '2023-12-11T00:11:19.505Z');
INSERT INTO [dbo].[NiveliStudimitDepartamenti] ([NiveliStudimitDepartamentiID], [NiveliStudimitID], [DepartamentiID], [DataKrijimit]) VALUES (189, 32, 19, '2023-12-11T00:11:19.505Z');
INSERT INTO [dbo].[NiveliStudimitDepartamenti] ([NiveliStudimitDepartamentiID], [NiveliStudimitID], [DepartamentiID], [DataKrijimit]) VALUES (190, 33, 12, '2023-12-11T00:11:19.505Z');
INSERT INTO [dbo].[NiveliStudimitDepartamenti] ([NiveliStudimitDepartamentiID], [NiveliStudimitID], [DepartamentiID], [DataKrijimit]) VALUES (191, 34, 26, '2023-12-11T00:11:19.505Z');
INSERT INTO [dbo].[NiveliStudimitDepartamenti] ([NiveliStudimitDepartamentiID], [NiveliStudimitID], [DepartamentiID], [DataKrijimit]) VALUES (192, 35, 26, '2023-12-11T00:11:19.505Z');
INSERT INTO [dbo].[NiveliStudimitDepartamenti] ([NiveliStudimitDepartamentiID], [NiveliStudimitID], [DepartamentiID], [DataKrijimit]) VALUES (193, 2, 8, '2023-12-11T00:11:10.986Z');
INSERT INTO [dbo].[NiveliStudimitDepartamenti] ([NiveliStudimitDepartamentiID], [NiveliStudimitID], [DepartamentiID], [DataKrijimit]) VALUES (194, 2, 1, '2023-12-11T00:11:19.505Z');
SET IDENTITY_INSERT [dbo].[NiveliStudimitDepartamenti] OFF;
SET IDENTITY_INSERT [dbo].[Sallat] ON;
INSERT INTO [dbo].[Sallat] ([SallaID], [KapacitetiSalles], [LokacioniID], [KodiSalles], [DataKrijimit]) VALUES (1, 127, 4, 'G4001', '2022-04-03T00:00:00.000Z');
INSERT INTO [dbo].[Sallat] ([SallaID], [KapacitetiSalles], [LokacioniID], [KodiSalles], [DataKrijimit]) VALUES (2, 207, 4, 'G4002', '2023-01-11T00:00:00.000Z');
INSERT INTO [dbo].[Sallat] ([SallaID], [KapacitetiSalles], [LokacioniID], [KodiSalles], [DataKrijimit]) VALUES (3, 120, 6, 'P6001', '2024-11-01T00:00:00.000Z');
INSERT INTO [dbo].[Sallat] ([SallaID], [KapacitetiSalles], [LokacioniID], [KodiSalles], [DataKrijimit]) VALUES (4, 70, 4, 'G4003', '2023-01-03T00:00:00.000Z');
INSERT INTO [dbo].[Sallat] ([SallaID], [KapacitetiSalles], [LokacioniID], [KodiSalles], [DataKrijimit]) VALUES (5, 156, 2, 'N2001', '2023-08-25T00:00:00.000Z');
INSERT INTO [dbo].[Sallat] ([SallaID], [KapacitetiSalles], [LokacioniID], [KodiSalles], [DataKrijimit]) VALUES (6, 92, 7, 'D7001', '2022-08-04T00:00:00.000Z');
INSERT INTO [dbo].[Sallat] ([SallaID], [KapacitetiSalles], [LokacioniID], [KodiSalles], [DataKrijimit]) VALUES (7, 210, 3, 'L3001', '2023-09-10T00:00:00.000Z');
INSERT INTO [dbo].[Sallat] ([SallaID], [KapacitetiSalles], [LokacioniID], [KodiSalles], [DataKrijimit]) VALUES (8, 72, 5, 'F5001', '2023-09-03T00:00:00.000Z');
INSERT INTO [dbo].[Sallat] ([SallaID], [KapacitetiSalles], [LokacioniID], [KodiSalles], [DataKrijimit]) VALUES (9, 238, 3, 'L3002', '2023-01-03T00:00:00.000Z');
INSERT INTO [dbo].[Sallat] ([SallaID], [KapacitetiSalles], [LokacioniID], [KodiSalles], [DataKrijimit]) VALUES (10, 123, 1, 'K1001', '2022-12-27T00:00:00.000Z');
INSERT INTO [dbo].[Sallat] ([SallaID], [KapacitetiSalles], [LokacioniID], [KodiSalles], [DataKrijimit]) VALUES (11, 164, 5, 'F5002', '2024-02-12T00:00:00.000Z');
INSERT INTO [dbo].[Sallat] ([SallaID], [KapacitetiSalles], [LokacioniID], [KodiSalles], [DataKrijimit]) VALUES (12, 148, 7, 'D7002', '2022-04-01T00:00:00.000Z');
INSERT INTO [dbo].[Sallat] ([SallaID], [KapacitetiSalles], [LokacioniID], [KodiSalles], [DataKrijimit]) VALUES (13, 173, 5, 'F5003', '2023-09-16T00:00:00.000Z');
INSERT INTO [dbo].[Sallat] ([SallaID], [KapacitetiSalles], [LokacioniID], [KodiSalles], [DataKrijimit]) VALUES (14, 110, 7, 'D7003', '2022-05-13T00:00:00.000Z');
INSERT INTO [dbo].[Sallat] ([SallaID], [KapacitetiSalles], [LokacioniID], [KodiSalles], [DataKrijimit]) VALUES (15, 240, 2, 'N2002', '2023-08-05T00:00:00.000Z');
INSERT INTO [dbo].[Sallat] ([SallaID], [KapacitetiSalles], [LokacioniID], [KodiSalles], [DataKrijimit]) VALUES (16, 144, 2, 'N2003', '2023-05-01T00:00:00.000Z');
INSERT INTO [dbo].[Sallat] ([SallaID], [KapacitetiSalles], [LokacioniID], [KodiSalles], [DataKrijimit]) VALUES (17, 227, 7, 'D7004', '2022-11-21T00:00:00.000Z');
INSERT INTO [dbo].[Sallat] ([SallaID], [KapacitetiSalles], [LokacioniID], [KodiSalles], [DataKrijimit]) VALUES (18, 119, 4, 'G4004', '2022-10-15T00:00:00.000Z');
INSERT INTO [dbo].[Sallat] ([SallaID], [KapacitetiSalles], [LokacioniID], [KodiSalles], [DataKrijimit]) VALUES (19, 197, 3, 'L3003', '2023-10-10T00:00:00.000Z');
INSERT INTO [dbo].[Sallat] ([SallaID], [KapacitetiSalles], [LokacioniID], [KodiSalles], [DataKrijimit]) VALUES (20, 144, 3, 'L3004', '2023-06-10T00:00:00.000Z');
INSERT INTO [dbo].[Sallat] ([SallaID], [KapacitetiSalles], [LokacioniID], [KodiSalles], [DataKrijimit]) VALUES (21, 225, 6, 'P6003', '2024-01-07T00:00:00.000Z');
INSERT INTO [dbo].[Sallat] ([SallaID], [KapacitetiSalles], [LokacioniID], [KodiSalles], [DataKrijimit]) VALUES (22, 74, 2, 'N2004', '2023-03-17T00:00:00.000Z');
INSERT INTO [dbo].[Sallat] ([SallaID], [KapacitetiSalles], [LokacioniID], [KodiSalles], [DataKrijimit]) VALUES (23, 192, 4, 'G4005', '2022-10-28T00:00:00.000Z');
INSERT INTO [dbo].[Sallat] ([SallaID], [KapacitetiSalles], [LokacioniID], [KodiSalles], [DataKrijimit]) VALUES (24, 99, 4, 'G4006', '2022-10-10T00:00:00.000Z');
INSERT INTO [dbo].[Sallat] ([SallaID], [KapacitetiSalles], [LokacioniID], [KodiSalles], [DataKrijimit]) VALUES (25, 177, 3, 'L3005', '2023-05-09T00:00:00.000Z');
INSERT INTO [dbo].[Sallat] ([SallaID], [KapacitetiSalles], [LokacioniID], [KodiSalles], [DataKrijimit]) VALUES (26, 78, 6, 'P6004', '2024-01-02T00:00:00.000Z');
INSERT INTO [dbo].[Sallat] ([SallaID], [KapacitetiSalles], [LokacioniID], [KodiSalles], [DataKrijimit]) VALUES (27, 180, 2, 'N2005', '2024-01-17T00:00:00.000Z');
INSERT INTO [dbo].[Sallat] ([SallaID], [KapacitetiSalles], [LokacioniID], [KodiSalles], [DataKrijimit]) VALUES (28, 85, 7, 'D7005', '2022-06-23T00:00:00.000Z');
INSERT INTO [dbo].[Sallat] ([SallaID], [KapacitetiSalles], [LokacioniID], [KodiSalles], [DataKrijimit]) VALUES (29, 184, 2, 'N2006', '2023-04-03T00:00:00.000Z');
INSERT INTO [dbo].[Sallat] ([SallaID], [KapacitetiSalles], [LokacioniID], [KodiSalles], [DataKrijimit]) VALUES (30, 131, 2, 'N2007', '2023-04-14T00:00:00.000Z');
INSERT INTO [dbo].[Sallat] ([SallaID], [KapacitetiSalles], [LokacioniID], [KodiSalles], [DataKrijimit]) VALUES (31, 230, 2, 'N2008', '2023-07-12T00:00:00.000Z');
INSERT INTO [dbo].[Sallat] ([SallaID], [KapacitetiSalles], [LokacioniID], [KodiSalles], [DataKrijimit]) VALUES (32, 103, 4, 'G4007', '2022-08-24T00:00:00.000Z');
INSERT INTO [dbo].[Sallat] ([SallaID], [KapacitetiSalles], [LokacioniID], [KodiSalles], [DataKrijimit]) VALUES (33, 182, 4, 'G4008', '2022-09-24T00:00:00.000Z');
INSERT INTO [dbo].[Sallat] ([SallaID], [KapacitetiSalles], [LokacioniID], [KodiSalles], [DataKrijimit]) VALUES (34, 147, 7, 'D7006', '2022-09-05T00:00:00.000Z');
INSERT INTO [dbo].[Sallat] ([SallaID], [KapacitetiSalles], [LokacioniID], [KodiSalles], [DataKrijimit]) VALUES (35, 160, 4, 'G4009', '2022-08-02T00:00:00.000Z');
INSERT INTO [dbo].[Sallat] ([SallaID], [KapacitetiSalles], [LokacioniID], [KodiSalles], [DataKrijimit]) VALUES (36, 103, 2, 'N2009', '2024-03-03T00:00:00.000Z');
INSERT INTO [dbo].[Sallat] ([SallaID], [KapacitetiSalles], [LokacioniID], [KodiSalles], [DataKrijimit]) VALUES (37, 238, 7, 'D7007', '2022-04-15T00:00:00.000Z');
INSERT INTO [dbo].[Sallat] ([SallaID], [KapacitetiSalles], [LokacioniID], [KodiSalles], [DataKrijimit]) VALUES (38, 145, 7, 'D7008', '2022-04-15T00:00:00.000Z');
INSERT INTO [dbo].[Sallat] ([SallaID], [KapacitetiSalles], [LokacioniID], [KodiSalles], [DataKrijimit]) VALUES (39, 175, 4, 'G4010', '2022-04-02T00:00:00.000Z');
INSERT INTO [dbo].[Sallat] ([SallaID], [KapacitetiSalles], [LokacioniID], [KodiSalles], [DataKrijimit]) VALUES (40, 134, 6, 'P6005', '2024-02-18T00:00:00.000Z');
INSERT INTO [dbo].[Sallat] ([SallaID], [KapacitetiSalles], [LokacioniID], [KodiSalles], [DataKrijimit]) VALUES (41, 165, 2, 'N2010', '2023-03-18T00:00:00.000Z');
INSERT INTO [dbo].[Sallat] ([SallaID], [KapacitetiSalles], [LokacioniID], [KodiSalles], [DataKrijimit]) VALUES (42, 131, 4, 'G4011', '2023-02-11T00:00:00.000Z');
INSERT INTO [dbo].[Sallat] ([SallaID], [KapacitetiSalles], [LokacioniID], [KodiSalles], [DataKrijimit]) VALUES (43, 225, 2, 'N2011', '2023-12-22T00:00:00.000Z');
INSERT INTO [dbo].[Sallat] ([SallaID], [KapacitetiSalles], [LokacioniID], [KodiSalles], [DataKrijimit]) VALUES (44, 142, 4, 'G4012', '2022-07-11T00:00:00.000Z');
INSERT INTO [dbo].[Sallat] ([SallaID], [KapacitetiSalles], [LokacioniID], [KodiSalles], [DataKrijimit]) VALUES (45, 173, 7, 'D7009', '2022-08-03T00:00:00.000Z');
INSERT INTO [dbo].[Sallat] ([SallaID], [KapacitetiSalles], [LokacioniID], [KodiSalles], [DataKrijimit]) VALUES (46, 149, 7, 'D7010', '2023-02-02T00:00:00.000Z');
INSERT INTO [dbo].[Sallat] ([SallaID], [KapacitetiSalles], [LokacioniID], [KodiSalles], [DataKrijimit]) VALUES (47, 176, 2, 'N2012', '2023-07-11T00:00:00.000Z');
INSERT INTO [dbo].[Sallat] ([SallaID], [KapacitetiSalles], [LokacioniID], [KodiSalles], [DataKrijimit]) VALUES (48, 113, 2, 'N2013', '2023-07-09T00:00:00.000Z');
INSERT INTO [dbo].[Sallat] ([SallaID], [KapacitetiSalles], [LokacioniID], [KodiSalles], [DataKrijimit]) VALUES (49, 161, 7, 'D7011', '2022-05-22T00:00:00.000Z');
INSERT INTO [dbo].[Sallat] ([SallaID], [KapacitetiSalles], [LokacioniID], [KodiSalles], [DataKrijimit]) VALUES (50, 100, 1, 'K1002', '2022-04-03T00:00:00.000Z');
INSERT INTO [dbo].[Sallat] ([SallaID], [KapacitetiSalles], [LokacioniID], [KodiSalles], [DataKrijimit]) VALUES (51, 156, 6, 'P6006', '2024-10-16T00:00:00.000Z');
INSERT INTO [dbo].[Sallat] ([SallaID], [KapacitetiSalles], [LokacioniID], [KodiSalles], [DataKrijimit]) VALUES (52, 76, 5, 'F5004', '2023-08-24T00:00:00.000Z');
INSERT INTO [dbo].[Sallat] ([SallaID], [KapacitetiSalles], [LokacioniID], [KodiSalles], [DataKrijimit]) VALUES (53, 177, 7, 'D7012', '2022-11-17T00:00:00.000Z');
INSERT INTO [dbo].[Sallat] ([SallaID], [KapacitetiSalles], [LokacioniID], [KodiSalles], [DataKrijimit]) VALUES (54, 144, 7, 'D7013', '2022-04-16T00:00:00.000Z');
INSERT INTO [dbo].[Sallat] ([SallaID], [KapacitetiSalles], [LokacioniID], [KodiSalles], [DataKrijimit]) VALUES (55, 204, 3, 'L3006', '2023-01-23T00:00:00.000Z');
INSERT INTO [dbo].[Sallat] ([SallaID], [KapacitetiSalles], [LokacioniID], [KodiSalles], [DataKrijimit]) VALUES (56, 132, 1, 'K1003', '2022-10-17T00:00:00.000Z');
INSERT INTO [dbo].[Sallat] ([SallaID], [KapacitetiSalles], [LokacioniID], [KodiSalles], [DataKrijimit]) VALUES (57, 154, 2, 'N2014', '2024-03-07T00:00:00.000Z');
INSERT INTO [dbo].[Sallat] ([SallaID], [KapacitetiSalles], [LokacioniID], [KodiSalles], [DataKrijimit]) VALUES (58, 96, 5, 'F5005', '2024-03-08T00:00:00.000Z');
INSERT INTO [dbo].[Sallat] ([SallaID], [KapacitetiSalles], [LokacioniID], [KodiSalles], [DataKrijimit]) VALUES (59, 165, 4, 'G4013', '2022-10-20T00:00:00.000Z');
INSERT INTO [dbo].[Sallat] ([SallaID], [KapacitetiSalles], [LokacioniID], [KodiSalles], [DataKrijimit]) VALUES (60, 131, 4, 'G4014', '2023-02-22T00:00:00.000Z');
INSERT INTO [dbo].[Sallat] ([SallaID], [KapacitetiSalles], [LokacioniID], [KodiSalles], [DataKrijimit]) VALUES (61, 182, 4, 'G4015', '2022-05-20T00:00:00.000Z');
INSERT INTO [dbo].[Sallat] ([SallaID], [KapacitetiSalles], [LokacioniID], [KodiSalles], [DataKrijimit]) VALUES (62, 130, 3, 'L3007', '2023-08-14T00:00:00.000Z');
INSERT INTO [dbo].[Sallat] ([SallaID], [KapacitetiSalles], [LokacioniID], [KodiSalles], [DataKrijimit]) VALUES (63, 237, 5, 'F5006', '2023-10-04T00:00:00.000Z');
INSERT INTO [dbo].[Sallat] ([SallaID], [KapacitetiSalles], [LokacioniID], [KodiSalles], [DataKrijimit]) VALUES (64, 82, 1, 'K1004', '2022-11-08T00:00:00.000Z');
INSERT INTO [dbo].[Sallat] ([SallaID], [KapacitetiSalles], [LokacioniID], [KodiSalles], [DataKrijimit]) VALUES (65, 155, 4, 'G4016', '2022-03-31T00:00:00.000Z');
INSERT INTO [dbo].[Sallat] ([SallaID], [KapacitetiSalles], [LokacioniID], [KodiSalles], [DataKrijimit]) VALUES (66, 150, 3, 'L3008', '2023-08-08T00:00:00.000Z');
INSERT INTO [dbo].[Sallat] ([SallaID], [KapacitetiSalles], [LokacioniID], [KodiSalles], [DataKrijimit]) VALUES (67, 231, 5, 'F5007', '2023-04-16T00:00:00.000Z');
INSERT INTO [dbo].[Sallat] ([SallaID], [KapacitetiSalles], [LokacioniID], [KodiSalles], [DataKrijimit]) VALUES (68, 83, 6, 'P6007', '2024-05-04T00:00:00.000Z');
INSERT INTO [dbo].[Sallat] ([SallaID], [KapacitetiSalles], [LokacioniID], [KodiSalles], [DataKrijimit]) VALUES (69, 155, 5, 'F5008', '2023-10-12T00:00:00.000Z');
INSERT INTO [dbo].[Sallat] ([SallaID], [KapacitetiSalles], [LokacioniID], [KodiSalles], [DataKrijimit]) VALUES (70, 81, 7, 'D7014', '2022-12-10T00:00:00.000Z');
INSERT INTO [dbo].[Sallat] ([SallaID], [KapacitetiSalles], [LokacioniID], [KodiSalles], [DataKrijimit]) VALUES (71, 195, 4, 'G4017', '2023-01-06T00:00:00.000Z');
INSERT INTO [dbo].[Sallat] ([SallaID], [KapacitetiSalles], [LokacioniID], [KodiSalles], [DataKrijimit]) VALUES (72, 95, 2, 'N2015', '2023-06-12T00:00:00.000Z');
INSERT INTO [dbo].[Sallat] ([SallaID], [KapacitetiSalles], [LokacioniID], [KodiSalles], [DataKrijimit]) VALUES (73, 162, 5, 'F5009', '2023-04-29T00:00:00.000Z');
INSERT INTO [dbo].[Sallat] ([SallaID], [KapacitetiSalles], [LokacioniID], [KodiSalles], [DataKrijimit]) VALUES (74, 124, 4, 'G4018', '2022-11-07T00:00:00.000Z');
INSERT INTO [dbo].[Sallat] ([SallaID], [KapacitetiSalles], [LokacioniID], [KodiSalles], [DataKrijimit]) VALUES (75, 194, 3, 'L3009', '2023-08-09T00:00:00.000Z');
INSERT INTO [dbo].[Sallat] ([SallaID], [KapacitetiSalles], [LokacioniID], [KodiSalles], [DataKrijimit]) VALUES (76, 100, 4, 'G4019', '2023-01-17T00:00:00.000Z');
INSERT INTO [dbo].[Sallat] ([SallaID], [KapacitetiSalles], [LokacioniID], [KodiSalles], [DataKrijimit]) VALUES (77, 156, 3, 'L3010', '2023-05-06T00:00:00.000Z');
INSERT INTO [dbo].[Sallat] ([SallaID], [KapacitetiSalles], [LokacioniID], [KodiSalles], [DataKrijimit]) VALUES (78, 71, 4, 'G4020', '2022-11-27T00:00:00.000Z');
INSERT INTO [dbo].[Sallat] ([SallaID], [KapacitetiSalles], [LokacioniID], [KodiSalles], [DataKrijimit]) VALUES (79, 234, 4, 'G4021', '2022-10-23T00:00:00.000Z');
INSERT INTO [dbo].[Sallat] ([SallaID], [KapacitetiSalles], [LokacioniID], [KodiSalles], [DataKrijimit]) VALUES (80, 87, 2, 'N2016', '2023-11-22T00:00:00.000Z');
INSERT INTO [dbo].[Sallat] ([SallaID], [KapacitetiSalles], [LokacioniID], [KodiSalles], [DataKrijimit]) VALUES (81, 223, 2, 'N2017', '2023-04-01T00:00:00.000Z');
INSERT INTO [dbo].[Sallat] ([SallaID], [KapacitetiSalles], [LokacioniID], [KodiSalles], [DataKrijimit]) VALUES (82, 141, 7, 'D7015', '2022-05-14T00:00:00.000Z');
INSERT INTO [dbo].[Sallat] ([SallaID], [KapacitetiSalles], [LokacioniID], [KodiSalles], [DataKrijimit]) VALUES (83, 232, 3, 'L3011', '2023-07-29T00:00:00.000Z');
INSERT INTO [dbo].[Sallat] ([SallaID], [KapacitetiSalles], [LokacioniID], [KodiSalles], [DataKrijimit]) VALUES (84, 75, 2, 'N2018', '2023-07-06T00:00:00.000Z');
INSERT INTO [dbo].[Sallat] ([SallaID], [KapacitetiSalles], [LokacioniID], [KodiSalles], [DataKrijimit]) VALUES (85, 176, 4, 'G4022', '2022-03-21T00:00:00.000Z');
INSERT INTO [dbo].[Sallat] ([SallaID], [KapacitetiSalles], [LokacioniID], [KodiSalles], [DataKrijimit]) VALUES (86, 117, 1, 'K1005', '2022-10-22T00:00:00.000Z');
INSERT INTO [dbo].[Sallat] ([SallaID], [KapacitetiSalles], [LokacioniID], [KodiSalles], [DataKrijimit]) VALUES (87, 190, 4, 'G4023', '2023-01-30T00:00:00.000Z');
INSERT INTO [dbo].[Sallat] ([SallaID], [KapacitetiSalles], [LokacioniID], [KodiSalles], [DataKrijimit]) VALUES (88, 88, 6, 'P6008', '2024-07-19T00:00:00.000Z');
INSERT INTO [dbo].[Sallat] ([SallaID], [KapacitetiSalles], [LokacioniID], [KodiSalles], [DataKrijimit]) VALUES (89, 205, 5, 'F5010', '2024-02-22T00:00:00.000Z');
INSERT INTO [dbo].[Sallat] ([SallaID], [KapacitetiSalles], [LokacioniID], [KodiSalles], [DataKrijimit]) VALUES (90, 138, 6, 'P6009', '2024-11-01T00:00:00.000Z');
INSERT INTO [dbo].[Sallat] ([SallaID], [KapacitetiSalles], [LokacioniID], [KodiSalles], [DataKrijimit]) VALUES (91, 163, 1, 'K1006', '2023-02-21T00:00:00.000Z');
INSERT INTO [dbo].[Sallat] ([SallaID], [KapacitetiSalles], [LokacioniID], [KodiSalles], [DataKrijimit]) VALUES (92, 130, 2, 'N2019', '2023-08-19T00:00:00.000Z');
INSERT INTO [dbo].[Sallat] ([SallaID], [KapacitetiSalles], [LokacioniID], [KodiSalles], [DataKrijimit]) VALUES (93, 174, 7, 'D7016', '2022-08-09T00:00:00.000Z');
INSERT INTO [dbo].[Sallat] ([SallaID], [KapacitetiSalles], [LokacioniID], [KodiSalles], [DataKrijimit]) VALUES (94, 146, 1, 'K1007', '2022-12-13T00:00:00.000Z');
INSERT INTO [dbo].[Sallat] ([SallaID], [KapacitetiSalles], [LokacioniID], [KodiSalles], [DataKrijimit]) VALUES (95, 213, 7, 'D7017', '2022-11-11T00:00:00.000Z');
INSERT INTO [dbo].[Sallat] ([SallaID], [KapacitetiSalles], [LokacioniID], [KodiSalles], [DataKrijimit]) VALUES (96, 131, 1, 'K1008', '2022-04-16T00:00:00.000Z');
INSERT INTO [dbo].[Sallat] ([SallaID], [KapacitetiSalles], [LokacioniID], [KodiSalles], [DataKrijimit]) VALUES (97, 197, 5, 'F5011', '2024-01-15T00:00:00.000Z');
INSERT INTO [dbo].[Sallat] ([SallaID], [KapacitetiSalles], [LokacioniID], [KodiSalles], [DataKrijimit]) VALUES (98, 89, 3, 'L3012', '2023-06-15T00:00:00.000Z');
INSERT INTO [dbo].[Sallat] ([SallaID], [KapacitetiSalles], [LokacioniID], [KodiSalles], [DataKrijimit]) VALUES (99, 158, 6, 'P6010', '2024-09-20T00:00:00.000Z');
INSERT INTO [dbo].[Sallat] ([SallaID], [KapacitetiSalles], [LokacioniID], [KodiSalles], [DataKrijimit]) VALUES (100, 2141, 6, 'P6011', '2023-12-01T19:09:52.248Z');
SET IDENTITY_INSERT [dbo].[Sallat] OFF;
SET IDENTITY_INSERT [dbo].[Semestri] ON;
INSERT INTO [dbo].[Semestri] ([SemestriID], [NiveliStudimeveID], [DataKrijimit], [NrSemestrit]) VALUES (2, 1, '2023-12-01T18:24:05.431Z', 1);
INSERT INTO [dbo].[Semestri] ([SemestriID], [NiveliStudimeveID], [DataKrijimit], [NrSemestrit]) VALUES (3, 2, '2023-12-03T11:55:07.468Z', 2);
INSERT INTO [dbo].[Semestri] ([SemestriID], [NiveliStudimeveID], [DataKrijimit], [NrSemestrit]) VALUES (4, 2, '2023-12-03T11:55:12.478Z', 1);
INSERT INTO [dbo].[Semestri] ([SemestriID], [NiveliStudimeveID], [DataKrijimit], [NrSemestrit]) VALUES (5, 2, '2023-12-03T18:04:50.055Z', 3);
INSERT INTO [dbo].[Semestri] ([SemestriID], [NiveliStudimeveID], [DataKrijimit], [NrSemestrit]) VALUES (6, 1, '2023-12-03T18:05:03.850Z', 2);
SET IDENTITY_INSERT [dbo].[Semestri] OFF;
SET IDENTITY_INSERT [dbo].[SpecializimetPerDepartament] ON;
INSERT INTO [dbo].[SpecializimetPerDepartament] ([SpecializimiID], [EmriSpecializimit], [DepartamentiID], [DataKrijimt]) VALUES (2, 'Menaxhimi Financiar', 8, '2023-12-01T00:00:00.000Z');
INSERT INTO [dbo].[SpecializimetPerDepartament] ([SpecializimiID], [EmriSpecializimit], [DepartamentiID], [DataKrijimt]) VALUES (3, 'Menaxhimi i Marketingut', 8, '2023-12-01T00:00:00.000Z');
INSERT INTO [dbo].[SpecializimetPerDepartament] ([SpecializimiID], [EmriSpecializimit], [DepartamentiID], [DataKrijimt]) VALUES (4, 'Menaxhimi i Burimeve Njerëzore', 8, '2023-12-01T00:00:00.000Z');
INSERT INTO [dbo].[SpecializimetPerDepartament] ([SpecializimiID], [EmriSpecializimit], [DepartamentiID], [DataKrijimt]) VALUES (5, 'Biznes Ndërkombëtar', 8, '2023-12-01T00:00:00.000Z');
INSERT INTO [dbo].[SpecializimetPerDepartament] ([SpecializimiID], [EmriSpecializimit], [DepartamentiID], [DataKrijimt]) VALUES (6, 'Inteligjenca Artificiale', 1, '2023-12-01T00:00:00.000Z');
INSERT INTO [dbo].[SpecializimetPerDepartament] ([SpecializimiID], [EmriSpecializimit], [DepartamentiID], [DataKrijimt]) VALUES (7, 'Siguria Kibernetike', 1, '2023-12-01T00:00:00.000Z');
INSERT INTO [dbo].[SpecializimetPerDepartament] ([SpecializimiID], [EmriSpecializimit], [DepartamentiID], [DataKrijimt]) VALUES (8, 'Shkenca e të Dhënave', 1, '2023-12-01T00:00:00.000Z');
INSERT INTO [dbo].[SpecializimetPerDepartament] ([SpecializimiID], [EmriSpecializimit], [DepartamentiID], [DataKrijimt]) VALUES (9, 'Inxhinieri Softuerike', 1, '2023-12-01T00:00:00.000Z');
INSERT INTO [dbo].[SpecializimetPerDepartament] ([SpecializimiID], [EmriSpecializimit], [DepartamentiID], [DataKrijimt]) VALUES (10, 'Robotika', 10, '2023-12-01T00:00:00.000Z');
INSERT INTO [dbo].[SpecializimetPerDepartament] ([SpecializimiID], [EmriSpecializimit], [DepartamentiID], [DataKrijimt]) VALUES (11, 'Sistemet e Kontrollit', 10, '2023-12-01T00:00:00.000Z');
INSERT INTO [dbo].[SpecializimetPerDepartament] ([SpecializimiID], [EmriSpecializimit], [DepartamentiID], [DataKrijimt]) VALUES (12, 'Projektimi i Sistemeve Mechatronike', 10, '2023-12-01T00:00:00.000Z');
INSERT INTO [dbo].[SpecializimetPerDepartament] ([SpecializimiID], [EmriSpecializimit], [DepartamentiID], [DataKrijimt]) VALUES (13, 'Menaxhimi i Bazave të të Dhënave', 11, '2023-12-01T00:00:00.000Z');
INSERT INTO [dbo].[SpecializimetPerDepartament] ([SpecializimiID], [EmriSpecializimit], [DepartamentiID], [DataKrijimt]) VALUES (14, 'Administrimi i Rrjeteve', 11, '2023-12-01T00:00:00.000Z');
INSERT INTO [dbo].[SpecializimetPerDepartament] ([SpecializimiID], [EmriSpecializimit], [DepartamentiID], [DataKrijimt]) VALUES (15, 'Siguria e Sistemeve të Informacionit', 11, '2023-12-01T00:00:00.000Z');
INSERT INTO [dbo].[SpecializimetPerDepartament] ([SpecializimiID], [EmriSpecializimit], [DepartamentiID], [DataKrijimt]) VALUES (16, 'Ligji Penal', 12, '2023-12-01T00:00:00.000Z');
INSERT INTO [dbo].[SpecializimetPerDepartament] ([SpecializimiID], [EmriSpecializimit], [DepartamentiID], [DataKrijimt]) VALUES (17, 'Ligji Ndërkombëtar', 12, '2023-12-01T00:00:00.000Z');
INSERT INTO [dbo].[SpecializimetPerDepartament] ([SpecializimiID], [EmriSpecializimit], [DepartamentiID], [DataKrijimt]) VALUES (18, 'Ligji Korporativ', 12, '2023-12-01T00:00:00.000Z');
INSERT INTO [dbo].[SpecializimetPerDepartament] ([SpecializimiID], [EmriSpecializimit], [DepartamentiID], [DataKrijimt]) VALUES (19, 'Arkitektura e Qëndrueshme', 13, '2023-12-01T00:00:00.000Z');
INSERT INTO [dbo].[SpecializimetPerDepartament] ([SpecializimiID], [EmriSpecializimit], [DepartamentiID], [DataKrijimt]) VALUES (20, 'Dizajni Urban', 13, '2023-12-01T00:00:00.000Z');
INSERT INTO [dbo].[SpecializimetPerDepartament] ([SpecializimiID], [EmriSpecializimit], [DepartamentiID], [DataKrijimt]) VALUES (21, 'Mbrojtja e Trashëgimisë Historike', 13, '2023-12-01T00:00:00.000Z');
INSERT INTO [dbo].[SpecializimetPerDepartament] ([SpecializimiID], [EmriSpecializimit], [DepartamentiID], [DataKrijimt]) VALUES (22, 'Marrëdhënie Ndërkombëtare', 14, '2023-12-01T00:00:00.000Z');
INSERT INTO [dbo].[SpecializimetPerDepartament] ([SpecializimiID], [EmriSpecializimit], [DepartamentiID], [DataKrijimt]) VALUES (23, 'Politika Krahasuese', 14, '2023-12-01T00:00:00.000Z');
INSERT INTO [dbo].[SpecializimetPerDepartament] ([SpecializimiID], [EmriSpecializimit], [DepartamentiID], [DataKrijimt]) VALUES (24, 'Teoria Politike', 14, '2023-12-01T00:00:00.000Z');
INSERT INTO [dbo].[SpecializimetPerDepartament] ([SpecializimiID], [EmriSpecializimit], [DepartamentiID], [DataKrijimt]) VALUES (25, 'Gazetari', 15, '2023-12-01T00:00:00.000Z');
INSERT INTO [dbo].[SpecializimetPerDepartament] ([SpecializimiID], [EmriSpecializimit], [DepartamentiID], [DataKrijimt]) VALUES (26, 'Marrëdhëniet Publike', 15, '2023-12-01T00:00:00.000Z');
INSERT INTO [dbo].[SpecializimetPerDepartament] ([SpecializimiID], [EmriSpecializimit], [DepartamentiID], [DataKrijimt]) VALUES (27, 'Prodhimi i Mediave Dijitale', 15, '2023-12-01T00:00:00.000Z');
INSERT INTO [dbo].[SpecializimetPerDepartament] ([SpecializimiID], [EmriSpecializimit], [DepartamentiID], [DataKrijimt]) VALUES (28, 'Inxhinieri Ndërtesash', 16, '2023-12-01T00:00:00.000Z');
INSERT INTO [dbo].[SpecializimetPerDepartament] ([SpecializimiID], [EmriSpecializimit], [DepartamentiID], [DataKrijimt]) VALUES (29, 'Menaxhimi i Ndërtimit', 16, '2023-12-01T00:00:00.000Z');
INSERT INTO [dbo].[SpecializimetPerDepartament] ([SpecializimiID], [EmriSpecializimit], [DepartamentiID], [DataKrijimt]) VALUES (30, 'Inxhinieri Gjeoteknike', 16, '2023-12-01T00:00:00.000Z');
INSERT INTO [dbo].[SpecializimetPerDepartament] ([SpecializimiID], [EmriSpecializimit], [DepartamentiID], [DataKrijimt]) VALUES (31, 'Analiza e Politikave Publike', 17, '2023-12-01T00:00:00.000Z');
INSERT INTO [dbo].[SpecializimetPerDepartament] ([SpecializimiID], [EmriSpecializimit], [DepartamentiID], [DataKrijimt]) VALUES (32, 'Administrata Publike', 17, '2023-12-01T00:00:00.000Z');
INSERT INTO [dbo].[SpecializimetPerDepartament] ([SpecializimiID], [EmriSpecializimit], [DepartamentiID], [DataKrijimt]) VALUES (33, 'Menaxhimi i Organizatave Joqeveritare', 17, '2023-12-01T00:00:00.000Z');
INSERT INTO [dbo].[SpecializimetPerDepartament] ([SpecializimiID], [EmriSpecializimit], [DepartamentiID], [DataKrijimt]) VALUES (34, 'Energjia Rinovueshme', 18, '2023-12-01T00:00:00.000Z');
INSERT INTO [dbo].[SpecializimetPerDepartament] ([SpecializimiID], [EmriSpecializimit], [DepartamentiID], [DataKrijimt]) VALUES (35, 'Politika dhe Planifikimi i Energjisë', 18, '2023-12-01T00:00:00.000Z');
INSERT INTO [dbo].[SpecializimetPerDepartament] ([SpecializimiID], [EmriSpecializimit], [DepartamentiID], [DataKrijimt]) VALUES (36, 'Inxhinieri e Sistemeve Energjetike', 18, '2023-12-01T00:00:00.000Z');
INSERT INTO [dbo].[SpecializimetPerDepartament] ([SpecializimiID], [EmriSpecializimit], [DepartamentiID], [DataKrijimt]) VALUES (37, 'Infermieri Pediatric', 19, '2023-12-01T00:00:00.000Z');
INSERT INTO [dbo].[SpecializimetPerDepartament] ([SpecializimiID], [EmriSpecializimit], [DepartamentiID], [DataKrijimt]) VALUES (38, 'Infermieri në Kujdesin Kritik', 19, '2023-12-01T00:00:00.000Z');
INSERT INTO [dbo].[SpecializimetPerDepartament] ([SpecializimiID], [EmriSpecializimit], [DepartamentiID], [DataKrijimt]) VALUES (39, 'Infermieri Psikiatrik', 19, '2023-12-01T00:00:00.000Z');
INSERT INTO [dbo].[SpecializimetPerDepartament] ([SpecializimiID], [EmriSpecializimit], [DepartamentiID], [DataKrijimt]) VALUES (40, 'Siguria dhe Cilësia e Ushqimit', 20, '2023-12-01T00:00:00.000Z');
INSERT INTO [dbo].[SpecializimetPerDepartament] ([SpecializimiID], [EmriSpecializimit], [DepartamentiID], [DataKrijimt]) VALUES (41, 'Bioteknologjia Ushqimore', 20, '2023-12-01T00:00:00.000Z');
INSERT INTO [dbo].[SpecializimetPerDepartament] ([SpecializimiID], [EmriSpecializimit], [DepartamentiID], [DataKrijimt]) VALUES (42, 'Shkenca e Ushqimit', 20, '2023-12-01T00:00:00.000Z');
INSERT INTO [dbo].[SpecializimetPerDepartament] ([SpecializimiID], [EmriSpecializimit], [DepartamentiID], [DataKrijimt]) VALUES (43, 'Dizajni Grafik', 21, '2023-12-01T00:00:00.000Z');
INSERT INTO [dbo].[SpecializimetPerDepartament] ([SpecializimiID], [EmriSpecializimit], [DepartamentiID], [DataKrijimt]) VALUES (44, 'Dizajni Industrial', 21, '2023-12-01T00:00:00.000Z');
INSERT INTO [dbo].[SpecializimetPerDepartament] ([SpecializimiID], [EmriSpecializimit], [DepartamentiID], [DataKrijimt]) VALUES (45, 'Dizajni i Përdoruesve', 21, '2023-12-01T00:00:00.000Z');
INSERT INTO [dbo].[SpecializimetPerDepartament] ([SpecializimiID], [EmriSpecializimit], [DepartamentiID], [DataKrijimt]) VALUES (46, 'Diplomacia dhe Bisedimet', 22, '2023-12-01T00:00:00.000Z');
INSERT INTO [dbo].[SpecializimetPerDepartament] ([SpecializimiID], [EmriSpecializimit], [DepartamentiID], [DataKrijimt]) VALUES (47, 'Gjendja Globale', 22, '2023-12-01T00:00:00.000Z');
INSERT INTO [dbo].[SpecializimetPerDepartament] ([SpecializimiID], [EmriSpecializimit], [DepartamentiID], [DataKrijimt]) VALUES (48, 'Zgjidhja e Konflikteve', 22, '2023-12-01T00:00:00.000Z');
INSERT INTO [dbo].[SpecializimetPerDepartament] ([SpecializimiID], [EmriSpecializimit], [DepartamentiID], [DataKrijimt]) VALUES (49, 'Ortodoncia', 23, '2023-12-01T00:00:00.000Z');
INSERT INTO [dbo].[SpecializimetPerDepartament] ([SpecializimiID], [EmriSpecializimit], [DepartamentiID], [DataKrijimt]) VALUES (50, 'Kirurgjia Dentare', 23, '2023-12-01T00:00:00.000Z');
INSERT INTO [dbo].[SpecializimetPerDepartament] ([SpecializimiID], [EmriSpecializimit], [DepartamentiID], [DataKrijimt]) VALUES (51, 'Endodoncia', 23, '2023-12-01T00:00:00.000Z');
INSERT INTO [dbo].[SpecializimetPerDepartament] ([SpecializimiID], [EmriSpecializimit], [DepartamentiID], [DataKrijimt]) VALUES (52, 'Farmaci Klinike', 24, '2023-12-01T00:00:00.000Z');
INSERT INTO [dbo].[SpecializimetPerDepartament] ([SpecializimiID], [EmriSpecializimit], [DepartamentiID], [DataKrijimt]) VALUES (53, 'Shkencat Farmaceutike', 24, '2023-12-01T00:00:00.000Z');
INSERT INTO [dbo].[SpecializimetPerDepartament] ([SpecializimiID], [EmriSpecializimit], [DepartamentiID], [DataKrijimt]) VALUES (54, 'Farmakologjia', 24, '2023-12-01T00:00:00.000Z');
INSERT INTO [dbo].[SpecializimetPerDepartament] ([SpecializimiID], [EmriSpecializimit], [DepartamentiID], [DataKrijimt]) VALUES (55, 'Inxhinieri Bujqësore', 25, '2023-12-01T00:00:00.000Z');
INSERT INTO [dbo].[SpecializimetPerDepartament] ([SpecializimiID], [EmriSpecializimit], [DepartamentiID], [DataKrijimt]) VALUES (56, 'Menaxhimi i Mjedisit', 25, '2023-12-01T00:00:00.000Z');
INSERT INTO [dbo].[SpecializimetPerDepartament] ([SpecializimiID], [EmriSpecializimit], [DepartamentiID], [DataKrijimt]) VALUES (57, 'Shkenca e Tokës', 25, '2023-12-01T00:00:00.000Z');
INSERT INTO [dbo].[SpecializimetPerDepartament] ([SpecializimiID], [EmriSpecializimit], [DepartamentiID], [DataKrijimt]) VALUES (58, 'Trajnimi Profesional', 26, '2023-12-01T00:00:00.000Z');
INSERT INTO [dbo].[SpecializimetPerDepartament] ([SpecializimiID], [EmriSpecializimit], [DepartamentiID], [DataKrijimt]) VALUES (59, 'Edukimi Teknik', 26, '2023-12-01T00:00:00.000Z');
INSERT INTO [dbo].[SpecializimetPerDepartament] ([SpecializimiID], [EmriSpecializimit], [DepartamentiID], [DataKrijimt]) VALUES (60, 'Radiografia', 27, '2023-12-01T00:00:00.000Z');
INSERT INTO [dbo].[SpecializimetPerDepartament] ([SpecializimiID], [EmriSpecializimit], [DepartamentiID], [DataKrijimt]) VALUES (61, 'Teknologjia e Imazhit Mjekësor', 27, '2023-12-01T00:00:00.000Z');
INSERT INTO [dbo].[SpecializimetPerDepartament] ([SpecializimiID], [EmriSpecializimit], [DepartamentiID], [DataKrijimt]) VALUES (62, 'Ndihma në Anestezion', 28, '2023-12-01T00:00:00.000Z');
INSERT INTO [dbo].[SpecializimetPerDepartament] ([SpecializimiID], [EmriSpecializimit], [DepartamentiID], [DataKrijimt]) VALUES (63, 'Teknologjia Anestezike', 28, '2023-12-01T00:00:00.000Z');
INSERT INTO [dbo].[SpecializimetPerDepartament] ([SpecializimiID], [EmriSpecializimit], [DepartamentiID], [DataKrijimt]) VALUES (64, 'Arti Dijital', 29, '2023-12-01T00:00:00.000Z');
INSERT INTO [dbo].[SpecializimetPerDepartament] ([SpecializimiID], [EmriSpecializimit], [DepartamentiID], [DataKrijimt]) VALUES (65, 'Prodhimi i Mediave Multimediale', 29, '2023-12-01T00:00:00.000Z');
INSERT INTO [dbo].[SpecializimetPerDepartament] ([SpecializimiID], [EmriSpecializimit], [DepartamentiID], [DataKrijimt]) VALUES (66, 'Dizajni Interaktiv', 29, '2023-12-01T00:00:00.000Z');
INSERT INTO [dbo].[SpecializimetPerDepartament] ([SpecializimiID], [EmriSpecializimit], [DepartamentiID], [DataKrijimt]) VALUES (67, 'Produksioni Muzikor', 30, '2023-12-01T00:00:00.000Z');
INSERT INTO [dbo].[SpecializimetPerDepartament] ([SpecializimiID], [EmriSpecializimit], [DepartamentiID], [DataKrijimt]) VALUES (68, 'Inxhinieria e Zërit', 30, '2023-12-01T00:00:00.000Z');
INSERT INTO [dbo].[SpecializimetPerDepartament] ([SpecializimiID], [EmriSpecializimit], [DepartamentiID], [DataKrijimt]) VALUES (69, 'Menaxhimi i Biznesit Muzikor', 30, '2023-12-01T00:00:00.000Z');
INSERT INTO [dbo].[SpecializimetPerDepartament] ([SpecializimiID], [EmriSpecializimit], [DepartamentiID], [DataKrijimt]) VALUES (70, 'Letërsia Angleze', 31, '2023-12-01T00:00:00.000Z');
INSERT INTO [dbo].[SpecializimetPerDepartament] ([SpecializimiID], [EmriSpecializimit], [DepartamentiID], [DataKrijimt]) VALUES (71, 'Lingvistika', 31, '2023-12-01T00:00:00.000Z');
INSERT INTO [dbo].[SpecializimetPerDepartament] ([SpecializimiID], [EmriSpecializimit], [DepartamentiID], [DataKrijimt]) VALUES (72, 'Mësimi i Gjuhës Angleze si Gjuhë e Dytë (TESOL)', 31, '2023-12-01T00:00:00.000Z');
INSERT INTO [dbo].[SpecializimetPerDepartament] ([SpecializimiID], [EmriSpecializimit], [DepartamentiID], [DataKrijimt]) VALUES (73, 'Siguria Kombëtare', 32, '2023-12-01T00:00:00.000Z');
INSERT INTO [dbo].[SpecializimetPerDepartament] ([SpecializimiID], [EmriSpecializimit], [DepartamentiID], [DataKrijimt]) VALUES (74, 'Politikat e Sigurisë Kibernetike', 32, '2023-12-01T00:00:00.000Z');
INSERT INTO [dbo].[SpecializimetPerDepartament] ([SpecializimiID], [EmriSpecializimit], [DepartamentiID], [DataKrijimt]) VALUES (75, 'Menaxhimi i Situatave të Emergjencave', 32, '2023-12-01T00:00:00.000Z');
INSERT INTO [dbo].[SpecializimetPerDepartament] ([SpecializimiID], [EmriSpecializimit], [DepartamentiID], [DataKrijimt]) VALUES (76, 'Psikologjia Klinike', 33, '2023-12-01T00:00:00.000Z');
INSERT INTO [dbo].[SpecializimetPerDepartament] ([SpecializimiID], [EmriSpecializimit], [DepartamentiID], [DataKrijimt]) VALUES (77, 'Psikologjia e Këshillimit', 33, '2023-12-01T00:00:00.000Z');
INSERT INTO [dbo].[SpecializimetPerDepartament] ([SpecializimiID], [EmriSpecializimit], [DepartamentiID], [DataKrijimt]) VALUES (78, 'Psikologjia Zhvillimore', 33, '2023-12-01T00:00:00.000Z');
INSERT INTO [dbo].[SpecializimetPerDepartament] ([SpecializimiID], [EmriSpecializimit], [DepartamentiID], [DataKrijimt]) VALUES (79, 'Higjiena Dentare', 34, '2023-12-01T00:00:00.000Z');
INSERT INTO [dbo].[SpecializimetPerDepartament] ([SpecializimiID], [EmriSpecializimit], [DepartamentiID], [DataKrijimt]) VALUES (80, 'Teknologjia Dentare', 34, '2023-12-01T00:00:00.000Z');
INSERT INTO [dbo].[SpecializimetPerDepartament] ([SpecializimiID], [EmriSpecializimit], [DepartamentiID], [DataKrijimt]) VALUES (81, 'Ndihma Dentare', 34, '2023-12-01T00:00:00.000Z');
INSERT INTO [dbo].[SpecializimetPerDepartament] ([SpecializimiID], [EmriSpecializimit], [DepartamentiID], [DataKrijimt]) VALUES (82, 'Menaxhimi Sportiv', 35, '2023-12-01T00:00:00.000Z');
INSERT INTO [dbo].[SpecializimetPerDepartament] ([SpecializimiID], [EmriSpecializimit], [DepartamentiID], [DataKrijimt]) VALUES (83, 'Shkenca e Ushtrimeve', 35, '2023-12-01T00:00:00.000Z');
INSERT INTO [dbo].[SpecializimetPerDepartament] ([SpecializimiID], [EmriSpecializimit], [DepartamentiID], [DataKrijimt]) VALUES (84, 'Psikologjia e Sportit', 35, '2023-12-01T00:00:00.000Z');
INSERT INTO [dbo].[SpecializimetPerDepartament] ([SpecializimiID], [EmriSpecializimit], [DepartamentiID], [DataKrijimt]) VALUES (85, 'Administrata Biznesore', 36, '2023-12-01T00:00:00.000Z');
INSERT INTO [dbo].[SpecializimetPerDepartament] ([SpecializimiID], [EmriSpecializimit], [DepartamentiID], [DataKrijimt]) VALUES (86, 'Nxitja e Ndërmarrësisë', 36, '2023-12-01T00:00:00.000Z');
INSERT INTO [dbo].[SpecializimetPerDepartament] ([SpecializimiID], [EmriSpecializimit], [DepartamentiID], [DataKrijimt]) VALUES (87, 'Planifikimi Urban', 37, '2023-12-01T00:00:00.000Z');
INSERT INTO [dbo].[SpecializimetPerDepartament] ([SpecializimiID], [EmriSpecializimit], [DepartamentiID], [DataKrijimt]) VALUES (88, 'Zhvillimi i Qëndrueshëm', 37, '2023-12-01T00:00:00.000Z');
INSERT INTO [dbo].[SpecializimetPerDepartament] ([SpecializimiID], [EmriSpecializimit], [DepartamentiID], [DataKrijimt]) VALUES (89, 'Biologjia Molekulare', 38, '2023-12-01T00:00:00.000Z');
INSERT INTO [dbo].[SpecializimetPerDepartament] ([SpecializimiID], [EmriSpecializimit], [DepartamentiID], [DataKrijimt]) VALUES (90, 'Bioinformatika', 38, '2023-12-01T00:00:00.000Z');
INSERT INTO [dbo].[SpecializimetPerDepartament] ([SpecializimiID], [EmriSpecializimit], [DepartamentiID], [DataKrijimt]) VALUES (91, 'Kimia e Proteineve', 38, '2023-12-01T00:00:00.000Z');
INSERT INTO [dbo].[SpecializimetPerDepartament] ([SpecializimiID], [EmriSpecializimit], [DepartamentiID], [DataKrijimt]) VALUES (92, 'Aktrim dhe Interpretimi', 39, '2023-12-01T00:00:00.000Z');
SET IDENTITY_INSERT [dbo].[SpecializimetPerDepartament] OFF;